{
    "loss": 0.6932215094566345, 
    "accuracy": 0.6000000238418579
}