{
    "accuracy": 0.6200000047683716,
    "loss": 1.2853975296020508
}