{
    "loss": 0.7246365547180176, 
    "accuracy": 0.6000000238418579
}