{
    "accuracy": 0.6600000262260437,
    "loss": 1.3347382545471191
}